countyfp,xmax,xmin,ymax,ymin
1,-95.258859,-96.064804,32.084475,31.504056
3,-102.211015,-103.064696,32.523371,32.085795
5,-94.129632,-95.005525,31.526916,31.026393
7,-96.7905346464135,-97.260818,28.3192330118032,27.839539
9,-98.420666,-98.953938,33.836047,33.395432
11,-101.086281,-101.629396,35.183232,34.747446
13,-98.098315,-98.8049,29.250693,28.612658
15,-96.004574,-96.62198,30.096829,29.601658
17,-102.61515,-103.047346,34.312927,33.824638
19,-98.778782,-99.603318,29.907679,29.551842
21,-97.024461,-97.64937,30.419563,29.786541
23,-98.952933,-99.47565,33.834192,33.397534
25,-97.375579,-98.089764,28.719648,28.129683
27,-97.070057,-97.913847,31.320202,30.752363
29,-98.116902,-98.806552,29.760713,29.114435
31,-98.125556,-98.59167,30.502093,29.937557
33,-101.173378,-101.691284,32.963597,32.52398
35,-97.276716,-98.005462,32.207403,31.587762
37,-94.042869,-94.746925,33.715987,33.237046
39,-95.0570919119968,-95.874028,29.599108,28.8255658801125
41,-96.079969,-96.601831,30.973737,30.330288
43,-102.320703761477,-103.80068,30.665939,28.971612
45,-100.944939,-101.472052,34.748377,34.312235
47,-97.985494,-98.536646,27.265196,26.780917
49,-98.668441,-99.203488,32.079585,31.448186
51,-96.271816,-96.96363,30.730764,30.295549
53,-97.8281,-98.459241,31.035009,30.426164
55,-97.315823,-97.89859,30.071564,29.630745
57,-96.322731,-96.930367,28.730278,28.0608472718433
59,-99.114049,-99.631413,32.515257,32.079124
61,-97.146105,-97.862167,26.411234,25.837377
63,-94.719942,-95.152586,33.077348,32.902444
65,-101.085935,-101.623458,35.62531,35.181708
67,-94.042719,-94.653997,33.312057,32.879501
69,-101.99802,-102.525793,34.74819,34.312725
71,-94.353383,-94.98146,29.88994,29.524162
73,-94.865857,-95.46214,32.137989,31.42571
75,-99.9975014109467,-100.417783,34.747525,34.311829
77,-97.94573,-98.423581,34.157109,33.466274
79,-102.594836,-103.056655304753,33.825121,33.388251
81,-100.235137,-100.82537,32.086722,31.692546
83,-99.195871,-99.722403,32.082089,31.409778
85,-96.29507,-96.844122,33.405498,32.98149
87,-100.000381,-100.540997,35.183144,34.746358
89,-96.175422,-96.874222,29.961516,29.247804
91,-97.999271,-98.646231,30.037994,29.594473
93,-98.156568,-98.924401,32.261436,31.683989
95,-99.601533,-100.115216,31.580267,31.087016
97,-96.943346,-97.487065,33.956378,33.41641
99,-97.418606,-98.180006,31.711019,31.069374
101,-99.997621,-100.518691,34.314102,33.83565
103,-102.300886,-102.767687,31.651714,31.086212
105,-100.960519,-102.390534,31.087156,30.287333
107,-101.038788,-101.56358,33.833625,33.39476
109,-104.024521,-104.918495,32.000527,30.663626
111,-102.162463,-103.041924,36.500704,36.055107
113,-96.516977,-97.038685,32.989691,32.545214
115,-101.68874,-102.20852,32.961838,32.523271
117,-102.167461,-103.043261,35.18725,34.746024
119,-95.30664,-95.861778,33.495452,33.218559
121,-96.83411,-97.398459,33.43045,32.987435
123,-96.976378,-97.75511,29.384488,28.8133
125,-100.517449,-101.041158,33.83565,33.397179
127,-99.394177,-100.114336,28.648122,28.197819
129,-100.538978,-101.090753,35.183327,34.747723
131,-98.232464,-98.803325,28.057966,27.262487
133,-98.474685,-99.118665,32.515618,32.078018
135,-102.286971,-102.799086,32.08721,31.651184
137,-99.754142,-100.700393,30.290698,29.623263
139,-96.38291,-97.087059,32.549263,32.052087
141,-105.954328,-106.645646,32.002533,31.387246427542
143,-97.864864,-98.551158,32.513039,31.917511
145,-96.596862,-97.278113,31.522269,30.986031
147,-95.8463781777365,-96.384737,33.885,33.341119
149,-96.569844,-97.317893,30.16435,29.628089
151,-100.144224,-100.660626,32.963469,32.522793
153,-101.041158,-101.56504,34.312575,33.830451
155,-99.474498,-100.04848,34.241956,33.733849
157,-95.424286,-96.088912,29.788616,29.26259
159,-95.124531,-95.308957,33.389454,32.961829
161,-95.779678,-96.496713,32.012526,31.413392
163,-98.800841,-99.41388,29.09154,28.640566
165,-102.202703,-103.064916,32.959508,32.522193
167,-94.3708230339094,-95.233081,29.598241,29.084605
169,-101.038466,-101.557618,33.397214,32.961025
171,-98.587864,-99.303996,30.499875,30.134298
173,-101.264216,-101.776085,32.087532,31.650854
175,-97.153588,-97.77853,28.925268,28.388684
177,-97.130517,-97.858782,29.784658,29.109765
179,-100.538283,-101.086364,35.620485,35.18214
181,-96.3794039922769,-96.944703,33.959579,33.397826
183,-94.579219,-94.986951,32.667507,32.360044
185,-95.804306,-96.188314,30.864125,30.225187
187,-97.63102,-98.312058,29.858208,29.36533
189,-101.56358,-102.090415,34.313132,33.824675
191,-100.415794,-100.946132,34.748353,34.312759
193,-97.766431,-98.463736,32.017897,31.416398
195,-101.084793,-101.623915,36.499528,36.055236
197,-99.475056,-99.998006,34.579273,34.055774
199,-94.071036,-94.732732,30.527057,30.097398
201,-94.908498,-95.960733,30.170606,29.49749
203,-94.04278,-94.702195,32.793088,32.326583
205,-102.162723,-103.042186,36.055558,35.622487
207,-99.471258,-99.991327,33.399023,32.956962
209,-97.70879,-98.2976,30.356312,29.752444
211,-100.000392,-100.54128,36.056491,35.619115
213,-95.428127,-96.454555,32.358901,32.005895
215,-97.861688,-98.5866993125035,26.783081,26.036415
217,-96.719114,-97.497113,32.265471,31.708887
219,-102.075929,-102.615447,33.825121,33.388327
221,-97.615368,-98.068545,32.558822,32.233468
223,-95.307716,-95.863326,33.37719,32.960434
225,-94.95811,-95.776881,31.592886,30.925879
227,-101.174571,-101.695011,32.525228,32.087097
229,-104.907122,-105.998003,32.00235,30.6292311244086
231,-95.858723,-96.297344,33.40953,32.837217
233,-101.085728,-101.623466,36.055405,35.624057
235,-100.688764,-101.274799,31.528688,31.079379
237,-97.918128,-98.426553,33.467129,33.001284
239,-96.309178,-96.938587,29.263876,28.674409
241,-93.865711,-94.460167,31.158071,30.24166
243,-103.439976,-104.97995674349,31.105203,30.41219
245,-93.837725,-94.445106,30.189106,29.5625650084448
247,-98.417883,-98.95477,27.359101,26.783535
249,-97.789154,-98.235497,28.057966,27.260981
251,-97.086117,-97.617103,32.555484,32.133612
253,-99.611816,-100.146543,32.960251,32.514654
255,-97.574639,-98.190991,29.221748,28.668027
257,-96.075537,-96.529412,32.841723,32.354709
259,-98.414018,-98.920606,30.138954,29.716475
261,-97.2901508197356,-97.985887,27.283811,26.597884
263,-100.517092,-101.038883,33.399057,32.962926
265,-98.917725,-99.757621,30.290698,29.781398
267,-99.301718,-100.116701,30.711019,30.286653
269,-99.99098,-100.518691,33.836124,33.39716
271,-100.111232,-100.797046,29.623897,29.084271
273,-97.2226506131795,-98.0598,27.635932,27.209308
275,-99.472444,-99.996434,33.835967,33.397404
277,-95.308072,-95.857738,33.943031,33.377687
279,-102.085733,-102.615595,34.313239,33.824675
281,-97.9071,-98.569645,31.463717,31.029647
283,-98.800082,-99.396681,28.647487,28.030419
285,-96.560555,-97.240108,29.632706,29.063244
287,-96.640883,-97.334463,30.557198,30.032
289,-95.655545,-96.33109,31.653956,30.973737
291,-94.442235,-95.165897,30.493553,29.884276
293,-96.236629,-96.932215,31.814887,31.2209
295,-100.000399,-100.546724,36.499702,36.055323
297,-97.808774,-98.335031,28.786949,28.0569
299,-98.351041,-98.964612,30.922121,30.486096
301,-103.326501,-103.98406,32.000554,31.650618
303,-101.556884,-102.085733,33.830451,33.389586
305,-101.556651,-102.076214,33.39476,32.959702
307,-99.090622,-99.603682,31.49368,30.940605
309,-96.801123,-97.60523,31.863079,31.244215
311,-98.334252,-98.803325,28.648364,28.057383
313,-95.611925,-96.24102,31.094211,30.822997
315,-94.042747,-94.709446,32.881088560255,32.687093
317,-101.68874,-102.211249,32.52532,32.086784
319,-98.963814,-99.484755,30.941186,30.498076
321,-95.503881,-96.3783265241194,29.229702,28.3907774793216
323,-100.111406,-100.667522988428,29.086318,28.1968371629783
325,-98.804592,-99.41388,29.690709,29.09024
327,-99.483869,-100.116234,31.087994,30.710366
329,-101.775802,-102.287446,32.086991,31.651276
331,-96.61213,-97.315485,31.110411,30.457344
333,-98.266794,-98.995029,31.723608,31.230443
335,-100.660626,-101.183997,32.527928,32.085407
337,-97.48403724377,-97.979046,33.99137,33.433681
339,-95.096708,-95.83024,30.630284,30.027905
341,-101.622722,-102.163015,36.055627,35.619923
343,-94.652194,-94.819828,33.365651,32.879177
345,-100.51734,-101.041592,34.314191,33.833625
347,-94.300122,-94.978134,31.845555,31.222776
349,-96.050758,-96.896209,32.328929,31.796191
351,-93.508292,-93.911126,31.186601,30.242672
353,-100.146543,-100.665353,32.525312,32.081377
355,-97.044846,-97.942146,27.995659,27.558358
357,-100.545981,-101.085716,36.4997,36.056536
359,-102.162752,-103.042775,35.627515,35.183031
361,-93.688552,-94.117956,30.244318,29.8649909997958
363,-98.056094,-98.576256,33.007913,32.511626
365,-94.0154203807042,-94.601853,32.394137,31.973193
367,-97.544172,-98.066836,33.003332,32.555297
369,-102.525172,-103.043979,34.747584,34.312319
371,-101.768377,-103.585084,31.371306,30.052808
373,-94.537926,-95.20018,31.146578,30.489016
375,-101.622714,-102.167471,35.620197,35.182753
377,-103.792677472426,-104.980291,30.6292311244086,29.258565
379,-95.634949,-95.987259,32.980227,32.711563
381,-101.622941,-102.168839,35.183364,34.747417
383,-101.266981,-101.776191,31.651494,31.079302
385,-99.602642,-100.063741,30.082356,29.623495
387,-94.73263,-95.311035,33.962646,33.317456
389,-103.010417,-104.102351,32.000125,30.76647
391,-96.764638,-97.541071,28.554807,28.061538
393,-100.539577,-101.086146,36.057887,35.619102
395,-96.235128,-96.8311,31.357129,30.69567
397,-96.297172,-96.51897,32.982986,32.813218
399,-99.713971,-100.236094,32.082638,31.576736
401,-94.452513,-94.985957,32.407625,31.843774
403,-93.595045,-94.048926,31.61171,31.134246
405,-93.983231,-94.39962,31.653596,31.09928
407,-94.829719,-95.359156,30.906719,30.319534
409,-97.1353500134097,-97.908774,28.179296,27.821279
411,-98.414508,-99.092431,31.490579,30.920343
413,-100.115216,-100.962176,31.088733,30.706071
415,-100.65587,-101.174726,32.970225,32.525231
417,-99.09576,-99.612222,32.957132,32.514654
419,-93.794548,-94.511471,31.9801588291318,31.569419
421,-101.623466,-102.163174,36.500684,36.05521
423,-94.985272,-95.594541,32.687026,32.135399
425,-97.614306,-97.945625,32.318617,32.087328
427,-98.32067,-99.171748,26.785694,26.235246
429,-98.575616,-99.09605,32.957234,32.51469
431,-100.821594,-101.26763,32.087247,31.556462
433,-99.988827,-100.519208,33.398035,32.959834
435,-100.116234,-100.960749,30.710366,30.287776
437,-101.471379,-101.998493,34.74822,34.31229
439,-97.031007,-97.550582,32.994194,32.548666
441,-99.629579,-100.151911,32.523001,32.081274
443,-101.646245,-102.567049,30.658323,29.779134
445,-102.075382,-102.595023,33.389586,32.958572
447,-98.950875,-99.472444,33.399023,32.956415
449,-94.808783,-95.12613,33.39848,32.982453
451,-100.111234,-101.267947,31.705418,31.086219
453,-97.369539,-98.172977,30.628249,30.023451
455,-94.842947,-95.434781,31.38693,30.824566
457,-94.05096,-94.657992,31.059147,30.526033
459,-94.672351,-95.15341,32.904502,32.516477
461,-101.775156,-102.31805,31.651633,31.079752
463,-99.411817,-100.112287,29.627691,29.086318
465,-100.699141,-101.760923744511,30.288527,29.237579
467,-95.449165,-96.076801,32.838507,32.355134
469,-96.642505,-97.305916,29.104046,28.485797
471,-95.32748,-95.863059,31.058098,30.504369
473,-95.80333,-96.192208,30.245632,29.727944
475,-102.767246,-103.610887,31.651802,31.266881
477,-96.080839,-96.794552,30.39989,30.044283
479,-98.798087,-100.212165531128,28.204627,27.259371
481,-95.841948,-96.640315,29.633806,28.963291
483,-100.000385,-100.540215,35.619706,35.182662
485,-98.423003,-98.953202,34.2125787665873,33.834025
487,-98.9523575349127,-99.47565,34.458845,33.833898
489,-97.2249460830257,-98.004189,26.611769,26.299273
491,-97.155219,-98.049886,30.904414,30.402843
493,-97.728443,-98.407336,29.441751,28.882333
495,-102.797574,-103.327538,32.087153,31.651306
497,-97.383015,-97.921642,33.434011,32.990839
499,-95.149962,-95.665389,33.01345,32.540968
501,-102.594234,-103.064679,33.388489,32.958548
503,-98.420436,-98.953938,33.397534,32.9523
505,-98.954199,-99.4537956917325,27.319174,26.571673559574
507,-99.409021,-100.114336,29.091335,28.640566
